[
  {
    "id": "1756830208003",
    "nome": "Fone de ouvido",
    "preco": 50,
    "descricao": "",
    "categoria": "Eletrônicos",
    "imagem": "https://drive.google.com/file/d/1lAWKW7AwWQfyPBVjZ-PqBqiWtq8fHk9I/view?usp=sharing",
    "createdAt": "2025-09-02T16:23:28.003Z",
    "updatedAt": "2025-09-02T16:31:14.612Z"
  },
  {
    "id": "1756831154275",
    "nome": "Celular Lg",
    "preco": 1100,
    "descricao": "sadasd",
    "categoria": "Eletrônicos",
    "imagem": "https://drive.google.com/file/d/178nWoMtCtiMmcY-NvUFBTu3Mxi_qNX-6/view?usp=sharing",
    "createdAt": "2025-09-02T16:39:14.275Z",
    "updatedAt": "2025-09-02T16:39:14.275Z"
  },
  {
    "id": "1756831267186",
    "nome": "Pc",
    "preco": 5000,
    "descricao": "",
    "categoria": "Eletrônicos",
    "imagem": "https://drive.google.com/file/d/1Ma4xBbIpv6BzGQ1z01F5NzpsZ0aytHvZ/view?usp=sharing",
    "createdAt": "2025-09-02T16:41:07.186Z",
    "updatedAt": "2025-09-02T16:41:07.186Z"
  },
  {
    "id": "1756831302003",
    "nome": "Mesa",
    "preco": 450,
    "descricao": "",
    "categoria": "Casa",
    "imagem": "https://drive.google.com/file/d/14iYmfT77H16QXtk-MS7Kd3xv44JmeJAl/view?usp=sharing",
    "createdAt": "2025-09-02T16:41:42.003Z",
    "updatedAt": "2025-09-02T16:41:42.003Z"
  },
  {
    "id": "1756831338819",
    "nome": "Porta",
    "preco": 300,
    "descricao": "",
    "categoria": "Casa",
    "imagem": "https://drive.google.com/file/d/1PVNmGa5HOxlH-0v9yzVhz0epp5F3XTaE/view?usp=sharing",
    "createdAt": "2025-09-02T16:42:18.819Z",
    "updatedAt": "2025-09-02T16:42:18.819Z"
  },
  {
    "id": "1756831526963",
    "nome": "Armário",
    "preco": 90,
    "descricao": "",
    "categoria": "Casa",
    "imagem": "https://drive.google.com/file/d/1tczGBXIEGLoXvewv_Z7KoZhmm9IeyZkz/view?usp=sharing",
    "createdAt": "2025-09-02T16:45:26.963Z",
    "updatedAt": "2025-09-02T16:45:26.963Z"
  },
  {
    "id": "1756831582178",
    "nome": "Tênis",
    "preco": 400,
    "descricao": "",
    "categoria": "Roupas",
    "imagem": "",
    "createdAt": "2025-09-02T16:46:22.178Z",
    "updatedAt": "2025-09-02T16:46:22.178Z"
  },
  {
    "id": "1756831610115",
    "nome": "Roupa de marca",
    "preco": 180,
    "descricao": "",
    "categoria": "Roupas",
    "imagem": "",
    "createdAt": "2025-09-02T16:46:50.115Z",
    "updatedAt": "2025-09-02T16:46:50.115Z"
  },
  {
    "id": "1756831647947",
    "nome": "Calças",
    "preco": 50,
    "descricao": "",
    "categoria": "Roupas",
    "imagem": "",
    "createdAt": "2025-09-02T16:47:27.947Z",
    "updatedAt": "2025-09-02T16:47:27.947Z"
  }
]